{
  "protein_name": "Trp-cage (1L2Y)",
  "sequence": "NLYIQWLKDGGPSSGRPPPS",
  "num_residues": 20,
  "timestamp": "2025-11-07T09:04:38.5318725+05:30",
  "total_duration_seconds": 0.5608652,
  "initial_rmsd_angstrom": 22.085982331295135,
  "initial_energy_kcal_mol": 2644.8081270829616,
  "agent31_rmsd_angstrom": 22.084450815686115,
  "agent31_energy_kcal_mol": 2637.4931381504803,
  "agent31_steps": 51,
  "agent31_time_seconds": 0.0078567,
  "agent32_rmsd_angstrom": 22.08598233129513,
  "agent32_energy_kcal_mol": 2644.8081206721968,
  "agent32_iterations": 12,
  "agent32_time_seconds": 0.1014939,
  "agent32_converged": true,
  "agent33_used": true,
  "agent33_rmsd_angstrom": 22.08598233129513,
  "agent33_energy_kcal_mol": 1683.1774573793916,
  "agent33_steps": 2000,
  "agent33_time_seconds": 0.4509481,
  "agent34_rmsd_angstrom": 22.08598233129513,
  "agent34_energy_kcal_mol": 2644.8081206721968,
  "agent34_steps": 100,
  "agent34_time_seconds": 0,
  "final_rmsd_angstrom": 22.08598233129513,
  "final_energy_kcal_mol": 2644.8081206721968,
  "total_rmsd_improvement_angstrom": 3.552713678800501e-15,
  "improvement_percent": 1.608583048518706e-14,
  "final_tm_score": 0.0003008120611022633,
  "final_gdt_ts": 0.0125,
  "target_achieved": false,
  "modern_rosetta": false,
  "alphafold1": false
}
